User_ID,Assigned_Edge_Node,Old_Resource_Allocation,New_Resource_Allocation,Allocated_Bandwidth,New_Allocated_Bandwidth
1,5003,69.73281096530062,77.61485944037027,1998.5402600899463,2526.088760021047
1,5003,69.73281096530062,77.61485944037027,1998.5402600899463,2526.088760021047
2,5002,71.42733963162915,69.95316130493543,3000.74418653814,2454.462719939801
3,5001,70.03736070331209,71.37717225606815,900.6905526576143,643.6581266171775
4,5004,80.74391060987848,77.1630576967235,6600.096466476644,5478.844115776914
5,5001,70.13457840537743,70.0924728361404,100.01516715048923,89.32620568291757
6,5001,80.95036451614179,77.11912408079758,1301.6772779581363,1313.9421600749731
7,5002,59.96978768227191,60.23105714007652,410.7699366732817,352.1492506107647
8,5001,69.13752752193274,71.40735692419332,900.9023019807051,648.3426239341139
9,5002,71.42295826698148,70.54105548099572,2000.4219232844227,1915.4555390044895
10,5004,69.62668119602068,80.68070936488377,12300.135351980336,12152.521294926031
11,5002,75.46084303414082,75.06056849730449,12499.047236421728,12632.42302895067
12,5001,71.68737858891762,71.80336787663457,599.8938320771821,477.27112278426364
13,5001,81.6544919907633,80.39804187742716,3198.1086450679086,2665.209375013468
14,5003,85.61552107181512,79.96999476433099,4797.968554659986,3787.351972778994
15,5003,74.54050424588462,75.68390328930661,14999.874663258774,9008.621018478478
16,5001,68.57857557224978,70.01823105329434,298.97150919935484,282.72726674366004
17,5002,69.87058049180573,80.35733634925656,4300.942949203515,3510.360121751554
18,5002,84.9513671035138,81.87659095301183,4898.622375982771,3937.4900997604736
19,5002,69.2988531066069,81.3762175788821,1998.5615031232312,2533.8839484536425
20,5003,70.08667957137695,80.92878626539223,2001.09262237977,2532.538113188149
21,5001,71.20931368975258,70.08828672196614,899.4435044285622,573.2062163057057
22,5004,71.05064154357288,80.92983874837697,2000.935299564382,2532.538113188149
23,5002,71.51433328794865,68.91945541504413,1399.4719455666425,926.9154552123078
24,5002,79.96804512533014,83.39576155013953,121.23269648335769,103.66784958191346
25,5004,75.50445104169931,78.79129212506948,1.9877356891167155,2.5143624611547057
26,5001,80.38585610727966,80.10153890210434,119.99342696321813,104.23875445503369
27,5003,70.89808092971607,80.80680284349985,1999.1034918425487,2533.7355391268366
28,5003,73.8759451187563,89.49575740333508,5.09873339525508,11.696922696710685
29,5003,84.41002965359179,68.0077939819804,2298.640564940552,1904.236944947243
30,5001,70.16246365423557,69.8495978709626,101.33311084256748,89.20025695909253
31,5001,80.5287275694339,77.76790042004578,12600.61537124353,12573.927345445903
32,5001,78.98200284556965,79.89747284779142,120.55116949906105,104.23840785106529
33,5005,58.52211768320453,70.11634931799385,640.661994666969,566.0670011762594
34,5002,69.93794746251112,70.64523610268888,2000.0039748723727,1896.6754776727325
35,5002,69.84574355258765,80.01338714123852,4400.301616495873,3640.075973457275
36,5002,86.4408014356987,68.19059329448318,2299.6847537221206,1903.0750813678828
37,5004,78.86256798310802,77.76071345316102,2601.629466585328,2655.8097225369365
38,5003,76.80137078837144,89.9522626266452,3.712508365337244,11.240985084637048
39,5002,78.81164281494235,80.10558967015729,5300.551017683487,4293.649898489748
40,5005,60.12144089926532,66.13888007485289,450.753741752266,385.0605293093729
41,5001,68.98776256231729,69.49225404243748,1198.131157884351,917.8116388953653
42,5004,80.05551111849401,79.89781980031239,119.83677900902693,104.11921706681814
43,5001,70.56442241674543,70.1363196119337,499.7150555680346,396.6433529066581
44,5005,69.69484013750736,81.37655187772886,2000.5272655187184,2533.8839484536425
45,5001,80.37692584176392,80.22078840568471,4099.590929901885,3413.7735811115685
46,5001,75.88704560265566,75.21574344411314,12299.49182550242,12613.223201583365
47,5001,80.192890902979,80.96873992533662,119.42216261779907,104.9866446605541
48,5003,65.82826541040971,89.36758694594559,7.32302129681864,12.662910259725836
49,5002,69.07916405014316,85.18314737138682,3499.0474175575296,2860.389030931016
50,5005,65.16878735198513,83.73020041426027,7.778830692967778,4.565360776970835
51,5001,75.33744298615882,75.10077731241428,12802.18675816692,12636.859139662442
52,5004,80.22329265782264,79.91892665227583,120.34227776775532,104.23875445503369
53,5004,70.33903118740129,70.49269945595152,550.0637926484405,438.27605045735436
54,5005,75.06763190953691,72.00118181205256,4.444739218116476,2.5143624611547057
55,5003,70.63644307213228,70.63839010649643,1999.9840614910745,1912.211732038962
56,5001,75.68190751986911,74.980938648722,12300.192821788152,12626.552242643947
57,5003,73.49941025380765,90.02030492377214,2.4447754714933265,11.240985084637048
58,5001,70.39308079157196,69.75535679560659,97.61102862062374,89.31602176117126
59,5004,68.95602687899654,81.82923705986079,15002.45365815017,12153.830684180883
60,5001,69.3816341720758,70.01724553853289,299.516291520124,282.72726674366004
61,5001,80.41584634141508,82.61437354076152,120.50160505783175,104.15594972011425
62,5001,80.67528524259488,79.97451463574988,121.44203157603673,104.23875445503369
63,5002,71.62458207817933,70.84625305185057,2400.3620572566133,2026.1225217612935
64,5001,69.42697384823398,74.49279748686642,14000.93735248152,12610.221403595227
65,5002,76.34738633182651,75.40973280884171,14999.40486040047,10911.936599496908
66,5001,80.2001193905004,79.9847333434614,119.53572705017004,104.23840785106529
67,5001,70.06849614343321,70.35848806495937,4300.4198016973705,3567.7541274839737
68,5004,79.83072756993722,79.98556161487839,3999.109016881692,3195.3929636438165
69,5002,80.3685976622002,89.61603621370705,119.40362124304944,104.44359286738532
70,5002,74.6046014107841,75.29326888236515,13999.95198812241,10694.211388273668
71,5002,66.17715506842707,89.43576902740304,6.204907311843145,10.824608724203662
72,5001,88.49249533674667,80.21474237191202,128.83592933683937,103.93318343000975
73,5005,69.79342820484332,80.33213543391055,4097.77419802287,3324.1382658699576
74,5005,85.04815188838329,82.0419191110571,4700.236342841295,3708.392925122066
75,5005,59.36057650479171,66.16583748090389,618.6957229003049,550.8042186121991
76,5003,75.60888426883376,75.51628241291712,14498.177250806224,10665.050058230534
77,5001,68.6232762388086,70.22817922571701,700.4197536282398,477.4372954424407
78,5002,70.09882592207005,86.49953856962965,2001.5197889771807,2821.4088010251635
79,5001,89.86976788294072,90.40647582813077,169.1725969907038,139.4733091363801
80,5002,69.7183946102274,85.7046655538861,1998.8693849506008,2756.7339823584193
81,5003,71.28849314117893,76.00808787864054,1901.5103128621167,1482.539786085293
82,5002,67.80258386417364,80.26882192750561,4600.744541072216,3688.9136741677357
83,5002,76.29682082789334,75.15947352898674,12199.929868870662,12177.718781179605
84,5001,79.15316274575588,81.23540389758622,121.49512902220562,104.76825573848242
85,5002,76.15446757234146,78.77277608632664,3.3939178656165616,2.5143624611547057
86,5002,80.1613621925114,80.10095010645176,5000.56760673224,4057.9384571327782
87,5004,69.24913740082333,79.9007609899571,2300.4579838509394,2525.7539975791037
88,5004,70.55328893682642,80.36649148004115,4200.688919290822,3470.5240665232386
89,5004,78.71191787387829,89.70065862962778,120.08928498532607,104.3851301519809
90,5001,79.28654864003899,80.26575700592113,5201.151783057302,4220.581291344164
91,5001,80.74668021065347,79.89048537804453,3500.4169951566705,2830.4362640448303
92,5005,85.94221419602987,74.88344654673796,3899.452982494465,3165.371348781008
93,5001,90.65127181780312,90.02000013326743,84.2769838082091,77.12262368930952
94,5005,86.08949291408453,85.51809098634838,4200.449661775267,3341.7593892390505
95,5002,70.29208863827022,86.49324843346277,2000.3747022499813,2780.0734771494463
96,5002,75.58935885247334,75.55751608233746,13399.718138176211,12647.164201556097
97,5001,70.8016670109035,69.78459810147567,401.510138216406,345.43845508639635
98,5004,84.19175323207016,81.62404794975133,2899.046644419848,2693.827129779902
99,5003,70.37905489207077,77.45179199475616,1999.3894434261945,2532.5746255438094
100,5001,79.26324884963176,80.03599825466017,121.24099324785684,104.11921706681814
101,5004,87.0011798322127,81.87948965691878,2698.784124901495,2663.260931443008
102,5004,84.91166368347636,70.65019137282476,3999.523913309969,3156.1525419765926
103,5004,82.99223405585887,85.03582712100753,2999.2433728209585,2819.9149431356677
104,5003,90.71275390309626,90.05850644605741,29.78653116537221,40.58486711640375
105,5003,74.70922495187571,78.79129212506948,1.881263231478528,2.5143624611547057
106,5005,79.30767702475718,80.08038027933814,4499.713664152923,3612.9986603556226
107,5004,69.5294881127037,79.50266595808984,2599.8122922807456,2660.4134228746448
108,5004,78.8335850980048,72.60015234841401,2499.055988065332,2643.5310535485555
109,5001,69.58618013868156,70.86552137931596,999.2630525409872,810.7912429413178
110,5002,79.85225353293013,79.99915525548857,119.45157520938798,104.11921706681814
111,5002,70.6428470484195,70.08019893087575,1999.831212420524,1903.7909094181734
112,5005,85.01730959642751,85.498207795647,4900.805447421175,3925.3148998851902
113,5005,62.851380390328025,70.60227225446597,568.6800401208698,485.92859276682
114,5005,58.48468087797971,60.399288913781625,359.54094610036094,286.8627031599335
115,5005,59.34381520049699,60.43013545324691,370.3752467625521,288.1333326372622
116,5004,59.59438596804628,69.46653987731257,679.7479454936151,594.0031146298024
117,5003,59.14681422315672,65.2752213979434,661.7295305541603,587.2257337916699
118,5002,59.7187889876228,60.508306746473174,439.3318660640461,350.878621133436
119,5004,60.22071741840323,69.06537876672843,548.791381379401,464.4048250042482
120,5004,80.46318086260362,79.89068109776593,6500.2234682544495,5370.321054810246
121,5001,70.34064814531601,70.1633465176237,301.56869450546907,282.7458335608186
122,5001,69.18477784001384,68.83376982895223,800.8027578683702,621.0634601351128
123,5004,90.57767751769336,80.0754412817052,91.06176678255244,72.31228030401945
124,5003,55.72651924360645,70.40792137557813,599.2967190836617,507.04749057106534
125,5002,71.74383386131711,70.21709511988837,2301.0242118638284,2017.2653413209468
126,5002,60.667155729057946,70.15368700288613,561.1561296149556,484.8895611465483
127,5001,80.70682662687734,80.08474433620599,5199.117595145498,4224.479738332845
128,5004,84.08943126726749,79.7053298183077,4700.500035786971,3652.9106107535645
129,5001,81.1405998022639,81.1909355645746,120.6696481102698,104.9866446605541
130,5004,59.49270294021398,70.20495505605717,590.9355601828782,506.359750924851
131,5001,69.58893024066924,72.83209605130038,399.53455469742033,344.22864252206614
132,5005,71.83229189472623,86.51011177646399,2200.464921659805,2442.808126709656
133,5004,71.6634104743139,70.06956700387009,1999.395731208336,1977.4507342225534
134,5005,59.79866337647268,66.08196365943641,380.5190675405749,385.0605293093729
135,5004,69.30475193190438,89.40152108937995,8.568957258538086,13.553733121895194
136,5001,71.12395217152859,70.07191120399334,100.26764393778316,89.32620568291757
137,5001,80.5275462639223,89.67871422897818,119.93052391283778,103.3778013103204
138,5001,69.75944551034432,70.25019841667556,3699.603931420789,3037.6734617482143
139,5001,71.50882874107832,69.93025942188247,100.61863287124648,89.20025695909253
140,5005,70.40417274810866,85.0928932522529,1999.090904692125,2757.7149704575354
141,5001,80.92000300680373,80.05427659859772,118.72081920442793,104.16275157000365
142,5001,69.72565779015355,69.99520122939856,4297.619519226961,3545.5659923734156
143,5002,76.11838481271687,75.44981817781371,15199.100576435523,10612.381451787069
144,5005,69.45553929038535,85.25381867031338,1999.6872496819128,2762.772239681801
145,5003,69.53592562655642,70.65048293324799,1999.501681402061,1913.4229170865667
146,5001,70.0092750261591,70.42128705183795,299.253109481548,280.22836833511684
147,5001,78.60724867724427,80.35839192463342,118.72321925871633,104.11921706681814
148,5001,81.22724687228808,79.99552306688378,3199.258597390108,2669.5833458688294
149,5002,70.8113604710389,85.46076833088667,2000.1050334780816,2756.7339823584193
150,5003,58.899964949198186,60.8371766034747,541.9138247709856,428.6026988462557
151,5004,70.67589423249822,79.98689778002576,3799.945369689903,3161.7993558209214
152,5005,70.12209635422903,79.57587910478011,3502.163379076288,2828.8288522028956
153,5003,60.25444398384948,70.68332207041783,650.5407391723351,569.064591774348
154,5001,71.49877469869499,70.13410208504675,999.5290411261428,653.9946419241935
155,5002,80.28990232133043,79.94222656013642,118.08028285665972,104.11921706681814
156,5005,69.45010516447806,79.56810622911361,3698.744994830771,3166.0477647703415
157,5001,79.32177679706902,81.29490547853648,117.62852299032568,104.76825573848242
158,5002,89.7818929858408,80.29553251731595,18.792428300074988,42.350736487059194
159,5001,71.11871031781617,70.25753319134607,498.5849501849008,399.07289840728777
160,5005,69.47823201402704,88.9602663141704,2500.1634673177164,2785.1854260475507
161,5001,70.83525817693939,70.01868243571158,1099.243338501688,814.2395721988039
162,5001,70.2754468709879,69.88819988349373,99.8642573428975,89.20025695909253
163,5001,69.91043485192871,71.37717225606815,799.6682768277594,576.6279978084035
164,5003,70.46654001397927,70.62678735498535,2001.1442880218185,1875.654993421889
165,5002,69.30606328447023,80.24467057318577,3400.6557509296704,2758.8990451284126
166,5003,75.17736981273309,89.95879612259228,0.5145287514173948,11.919868181282212
167,5004,58.308073485978,61.52928154309373,430.4767057108992,352.02786374200923
168,5004,84.44674228067986,82.9356496117897,2699.4955397501303,2821.9322988692443
169,5002,90.15010519041114,90.09710241521024,33.84199793721525,30.43540668705924
170,5005,63.1376765817782,66.84949999272506,559.4665096532265,473.29009937938787
171,5001,70.87698298185266,69.850367565765,97.00823400465012,89.20025695909253
172,5003,59.39041285443927,70.64396960132083,418.8701960116086,387.9093370728483
173,5001,69.85387964282612,70.11801451390878,599.4463164701411,477.1237646984033
174,5002,69.51330455570307,79.81348660130014,1899.4328473567584,1488.4134393730083
175,5004,61.01775073979843,60.09033497394171,520.1877607990486,427.332069368927
176,5001,79.86154947880709,80.96873992533662,119.66264348763708,104.76825573848242
177,5003,74.74375135856134,90.109168726308,1.98090640289373,15.490838671901386
178,5001,60.42106324826448,69.52262954710457,1002.1480381169856,796.2868976713721
179,5001,81.33228465351674,79.97626858275312,3201.235606065032,2653.748754124894
180,5005,90.01385977407449,89.91399212979799,84.00596385794458,79.17005812245775
181,5004,71.30675657705139,70.14439829781963,1999.2347384664808,2119.3571577849266
182,5001,79.73325479602188,80.07069445041961,120.758021975501,104.11921706681814
183,5001,70.83641426854166,70.18310722017823,4200.352594604089,3520.7723355086273
184,5005,68.47352966564303,71.92025026778701,4399.904684145647,3636.7706345237925
185,5001,88.63146766841844,87.07868334410465,1499.5243240785087,948.841267168189
186,5002,61.45472665774266,70.72562903625926,640.4097320585655,546.9208223812378
187,5002,57.46645921238256,68.11098533639888,500.2830046582923,435.803634019123
188,5001,70.26829695079117,70.34406442824826,99.53941011531975,89.3817041633822
189,5005,62.02684098175755,60.218971828354555,468.5285718075001,377.84135404341254
190,5002,59.484990970243175,68.16023231655961,459.8317925719281,409.9468238063192
191,5002,85.43660325981993,72.218312737264,3401.6632626025125,2751.9180074185315
192,5004,66.89411123471066,87.82161358375245,7.670279691991045,10.824608724203662
193,5004,70.36032320484678,80.88449480179392,1999.1954137980688,2533.9870300981634
194,5004,59.46185930883507,70.10250466515204,631.6470652520219,545.8817907609662
195,5001,90.43958522109124,89.88361973256298,100.92242599297045,85.00171904043752
196,5005,85.97682247883291,73.4915182854264,2599.3855894261765,2140.7149276340583
197,5001,79.90647082288748,81.47925753367656,119.46645954224184,104.9866446605541
198,5005,91.95291063268184,90.03998507225178,34.57448923511178,41.65847892812344
199,5001,80.3791272409813,79.99450535587184,120.53523618055108,104.2023774030731
200,5001,69.79234275452279,69.97902709364797,499.21768060552535,410.10273685106375
201,5001,69.9330761562691,73.8402115684479,1300.185012382421,1359.7921394517607
202,5002,58.05486340712593,69.26565843521402,500.0972265672913,438.27605045735436
203,5002,74.8049261196817,74.90635547438393,14400.742232303495,8644.300890155962
204,5001,72.91095808376187,71.2170268609748,1100.2528975827531,907.6496464853218
205,5004,74.10151358951362,80.58865458810105,13400.829167589529,12664.905794077846
206,5002,75.13222423700442,72.22848014573438,1.1796365610371624,2.5143624611547057
207,5002,89.71459583426847,80.13822588809009,44.82204687784834,55.83899769161034
208,5002,71.28954922770836,74.49279748686642,14001.194600017769,12618.442668293203
209,5001,70.30503140079891,70.07360901391125,498.4552789225152,414.40521246703236
210,5001,76.46759337207972,75.13502757249297,12798.291572029417,12636.859139662442
211,5005,70.84498598813028,85.20107121832832,3801.800715521688,3161.055105097517
212,5004,58.64322019447436,60.42890153900152,409.2567194106729,352.1492506107647
213,5003,75.56380453723264,89.81834307368727,4.460392942652492,11.696922696710685
214,5002,80.83691576703274,79.85122576766548,120.3885866495728,104.11921706681814
215,5001,72.43867987096287,70.08515447559235,901.3406884944848,656.8681088434797
216,5005,70.1879504965465,70.49383707661578,1999.2836742898864,1914.2041629755042
217,5005,59.967996447795606,70.25530293655775,659.3107419824685,569.5343419591559
218,5001,69.58495918766857,70.20453981714131,601.6174702318734,489.8345833937558
219,5003,75.94835402687272,75.4353007046842,15499.731075584146,10717.410233782854
220,5001,81.28479963353274,79.98775275972928,121.64873225885722,104.11921706681814
221,5002,85.28110620311786,74.54386341537705,3899.5670027837714,3160.921229471507
222,5004,79.04356123496892,82.71676011603758,121.40723439085733,104.14229345576715
223,5005,86.96892479311653,74.25193558507675,2498.956305745613,2136.6756412131335
224,5003,71.01577602659682,70.42915396194458,2000.834832401435,1905.6432036134136
225,5003,83.9015757599707,78.92105630479641,4399.428915787352,3483.4529765541774
226,5004,69.74629458378197,72.83209605130038,499.8394854129868,393.9278511480725
227,5001,69.41047455092863,76.89703299954948,1200.995359521006,974.090082074931
228,5001,89.37045660938169,89.06651082336975,182.02605672422,144.60936086172646
229,5002,58.09733293229356,70.26120808906822,628.845187422334,547.3905725660458
230,5005,70.14247261333234,79.8819519521336,4500.17729204975,3632.0929696284647
231,5002,70.60851250957816,80.89625772393974,1999.993968907149,2532.538113188149
232,5001,68.02364291879177,70.1550032015347,501.3230982867638,390.15947909950035
233,5001,80.67686473129429,85.05847025683374,3401.1010623151737,2769.7662913367103
234,5003,75.05435022560104,75.6740081186351,15300.025226525144,8110.4746721779
235,5005,69.26250762787596,70.39982152237418,1997.6513226755435,1911.1258833032857
236,5001,71.67012863078202,71.2891621155251,900.1122776666894,641.9087580958426
237,5001,74.39336620606937,76.24097059469743,2701.0849068474704,2658.4702443832566
238,5001,69.79800051468885,71.36960828846318,899.4358531326358,641.9087580958426
239,5004,74.71542547761796,75.2740332217176,13302.32705424792,12623.133647719758
240,5004,80.32983241509419,80.4891792152577,4501.561525880669,3612.774773175203
241,5002,69.2197183855582,79.50229633614589,4400.002706773028,3629.1386841177505
242,5004,81.31331826209787,80.4179427650188,119.75770138849444,104.23840785106529
243,5005,84.62025052146028,81.84924999944629,5000.444156184029,3940.946263537365
244,5001,69.81392238085233,72.78963119473855,300.623257846929,281.0372044260448
245,5002,60.11809620416161,70.12503773954353,999.1088629671116,807.4185379580849
246,5002,69.55345045715832,80.49798858511839,3799.7158467502873,3204.3297629363024
247,5001,80.7171406794322,79.72626622289852,3700.256800115986,3059.4472220049174
248,5001,74.33492118389506,74.43411869987217,12300.589555336644,12948.939338979406
249,5005,75.60289735531612,82.8785910296868,4.673431900563926,3.19718322342534
250,5001,69.37277402281732,70.1633465176237,198.2743068330864,175.85466104501526
251,5005,85.99822083553698,85.29380421613054,4700.558474892843,3727.1061829181112
252,5001,70.82289302725857,70.10896032498175,500.8646971379941,424.0255390650804
253,5001,80.38388583368425,81.3611151855606,119.30648306282848,104.76825573848242
254,5001,60.34185090566415,69.53504964973902,999.5796364804208,794.2641763377563
255,5004,60.24144532107909,68.86080226249793,570.3127642969089,491.49009661611484
256,5005,65.6215341921191,89.55269721046145,5.896109398350822,11.674509645453185
257,5001,78.9896795459732,79.77244494922056,3699.21084390589,3059.4472220049174
258,5004,69.0472670416892,84.47333877243341,4400.288347034855,3647.445337891719
259,5001,89.52528745563151,89.56166886329538,174.4275876966299,143.4354568626418
260,5002,82.55074534867866,88.84495364297756,119.36222507177062,103.2319033338161
261,5001,77.89063445359255,81.16424000063903,121.63343349670684,104.9866446605541
262,5005,58.571280733205406,69.32046483656652,620.8910620916853,531.6040449746054
263,5004,70.70267484002817,70.9496171386912,1998.8875038613944,1908.2834579044832
264,5002,73.63219150072057,90.25922142005912,5.116296145217496,10.645802555594111
265,5001,68.06494737386215,69.988709630812,400.66851872430107,342.7134999677653
266,5003,70.00118966668833,70.47652376615322,2001.0778361636108,1911.8466181199965
267,5005,76.1394646149981,89.77940673434635,2.1132261789632536,10.645802555594111
268,5001,75.2221810620911,73.0938242629126,3500.4634610768967,2961.3982175583574
269,5001,76.2019255367193,75.26869615346033,13000.901829051498,12623.43656404396
270,5001,89.42121474275847,89.73250106312275,164.97933011203727,143.21706794057013
271,5004,82.95237826166328,79.98370246627071,120.60305123560876,104.23840785106529
272,5001,68.91015850153941,69.33774162994251,1099.6221723298274,808.7193751177946
273,5004,73.2421088471976,72.28213777514016,3.482129747637609,2.5143624611547057
274,5002,80.83168292407474,80.2403304967293,3901.041097096893,3193.9598688689066
275,5004,81.26347238546963,80.11127280329057,5601.28066977348,4515.903333507099
276,5004,73.46962387879032,74.80712812714593,12299.214416551296,12923.219107288161
277,5004,80.20013427535878,89.63333808688795,119.72308839623884,103.3778013103204
278,5005,88.5944709484471,80.73692053922628,34.77997946790876,48.866209959662484
279,5003,85.50289283147649,85.98054861827974,1799.46424122599,1487.4007822919018
280,5001,79.58304715714971,80.04090305256165,3798.5507505227993,3117.5328684876836
281,5001,83.47599237539058,81.69530243795658,5001.013417019749,3882.175360756905
282,5001,69.73826372199646,71.66039237224547,899.4181019311923,643.6581266171775
283,5001,72.0473266209102,70.3062214174622,198.5427805803836,175.85466104501526
284,5003,70.24345041267935,70.60650239575656,2000.7729795930936,1910.8582866752974
285,5005,68.44844198727601,70.1299678621109,998.6459043354712,807.5724956658607
286,5001,75.1621996293116,75.08780660362171,12501.254523534151,12636.55622333824
287,5001,74.16686815771911,81.59856305369635,2699.921839266925,2656.976039759699
288,5003,69.76727056130659,70.50375161960793,1999.25520430956,1874.0030352463132
289,5001,90.89764472403446,89.79126140290303,140.44999357873692,114.51401340562703
290,5002,70.50679494167386,80.53643021045424,4100.405286979363,3316.5057456058057
291,5004,84.07467834618463,78.65089334673864,2700.257693110215,2658.6764397277316
292,5005,70.47654380270546,80.96005961062534,2001.5543029963844,2533.7355391268366
293,5004,91.8548040889701,80.61944260620571,121.18298029313146,98.39696535141097
294,5003,90.58500522020476,90.26593741252616,4.140129280164813,33.661387949459474
295,5001,71.82091205906569,70.13392181157569,499.62555796855264,391.87102214083257
296,5002,70.48270399885719,86.51912400151693,2000.5031938509185,2821.4088010251635
297,5005,58.5508334167784,65.46983787074751,651.2406765207713,595.2387686016182
298,5002,74.76397290100685,75.03165791592146,12597.943836699793,12543.129562786748
299,5002,71.50310484601331,80.8078671871767,1998.8934717239408,2532.2866222168223
300,5005,75.49355766095142,80.65337276726585,14000.78823794354,12594.877368847663
301,5002,90.4024885493902,89.93997604393296,129.51578942195908,113.85790238259503
302,5001,70.11981680622952,69.81725538713377,599.6010116859686,482.9081808967556
303,5005,83.83500766842069,82.08376707388504,4601.29453479778,3599.6317785777305
304,5005,71.03333856646967,86.52644141889353,1999.5006142711848,2802.044002016502
305,5002,79.59406558877225,82.69749915826279,119.82508444591936,104.15594972011425
306,5005,74.09916511323382,75.11558703925351,13799.937020417068,10892.156432612324
307,5005,62.71197080633452,60.351427565634715,351.50326406129034,286.8627031599335
308,5004,60.10718799311333,60.81769504168139,669.0732510047029,531.2793324894977
309,5005,85.95177545342523,69.06480213204965,2199.0980393579457,1829.3775384567248
310,5002,78.50417075438426,80.2532302146424,5400.778327477638,4394.28373376121
311,5002,69.654021225685,70.21620084794365,2001.2498939798604,2059.604243674785
312,5003,70.103316639851,69.31312034377999,1398.7956500423977,966.4434366167052
313,5004,58.7534365944345,59.75510623749897,359.6603404894038,285.79182098327453
314,5005,84.73932784028148,76.07219883249837,3098.6682336359404,2547.5179014914047
315,5005,69.3039089460743,76.1347097243785,1498.553111378838,1289.9329373068595
316,5001,68.642184918855,69.9007102267912,999.941657466811,801.9388715252604
317,5005,68.45019002252394,83.10276667235162,4999.545274071492,4034.924919661898
318,5002,85.45134628782007,69.53180080464472,1997.9871522519368,1580.3650863710495
319,5001,70.06135974420546,70.1942507803728,601.881867867945,478.035214689184
320,5004,48.753392634059736,89.38495405686238,14.955451883008685,11.674509645453185
321,5003,69.97240244399859,67.81701633545345,2197.991016864132,1902.4113220587708
322,5002,80.72449726667996,80.21233567264977,5100.287804639042,4140.1618812986035
323,5004,80.64950313666277,84.92642642909063,6298.689771559791,5142.840363443156
324,5002,74.67640333160668,80.54357739890176,13600.450444822744,12641.923846605043
325,5005,84.2548816184367,79.21064336217924,4199.154047949483,3336.634681922821
326,5001,69.43100977761797,70.39272211228476,698.7700310163474,481.75456764767335
327,5004,80.99487160880709,79.94637915709583,122.39811387827092,104.23840785106529
328,5005,60.33784586485116,69.59579172745471,519.9308690241724,463.32375368806765
329,5004,59.87662296063484,63.183180638696506,619.3211409639666,508.81558181378523
330,5005,65.09873230709276,88.76243857840294,3.8487111856253535,12.793211853571016
331,5005,62.32052344132523,60.57570393230404,348.74101548708893,286.5520565105656
332,5004,74.56336083510475,72.29759405045418,1.976840921353956,2.5143624611547057
333,5002,69.43249469059845,74.17750094538442,1502.034604610954,1171.2934487397326
334,5004,78.77544070416343,79.9554751756207,121.90106709600724,104.23875445503369
335,5001,80.68048833590507,80.00844236316264,4499.714892880743,3612.49780199908
336,5003,60.31300273297019,63.41135467879379,649.8983234025957,597.0553646490439
337,5001,80.31570719916758,81.26335090982744,118.86059987457416,104.76825573848242
338,5002,59.98434851252787,59.537169853550665,660.8369895461938,529.3409580149795
339,5005,70.8820109418538,71.64857756376242,499.69393428702654,397.5551557370123
340,5004,70.98003933241043,69.1662941997155,1100.7490882766413,808.706687220695
341,5001,90.97789925049425,88.24803823272313,144.08531675266113,118.9776107678659
342,5001,89.38424867873734,89.85142567737726,190.2199744197856,152.29124540750118
343,5004,68.11650197292386,73.7742702244914,2200.1835646114887,1897.3358874313776
344,5005,59.57208916665021,66.19001073380036,668.4929347133858,584.6844886574091
345,5002,75.06795403068016,75.26599452179758,13999.164647775486,10869.903180242161
346,5005,71.2439310896235,86.48265488787423,1998.925565761653,2776.7836590146812
347,5001,73.97400617607194,75.25067326747454,12499.187134761603,12632.871886813848
348,5001,85.62287925864743,85.22493614437396,169.7142218447406,152.3052482758167
349,5001,68.30978967928701,70.25163515828034,1199.8122638305947,918.5266348222134
350,5005,69.20129720893294,80.4591889369976,10.54035916903739,4.474533871454171
351,5001,90.48194974152298,89.557291034361,180.20575214221097,152.1332447886159
352,5003,70.60075223162347,70.62153457711956,1999.5346549809776,1881.6196620833903
353,5002,73.65613617898052,72.20516742891667,0.494170164481801,2.5143624611547057
354,5005,69.08152079366867,85.15344944810634,3999.998427904001,3346.9341296711227
355,5004,84.18250524330661,78.05782060166507,2801.3679711939567,2256.25484134432
356,5002,70.28357595058307,70.07243669379942,4399.936999744563,3633.1463075810675
357,5003,61.28915591132391,70.58511491051928,629.9173084294539,546.9208223812378
358,5004,89.7861895753496,89.73499843971734,107.91041389350951,93.25905254752202
359,5001,78.46122528018148,79.69315910215307,4199.938776114364,3450.9952139128077
360,5001,70.52403375763414,71.36642255171449,999.025907024608,648.3426239341139
361,5002,86.20586641610605,85.70960727810964,3499.5723183501304,2817.1497293450275
362,5004,69.56339526370526,70.15567581481115,400.40091586235707,345.0126317413188
363,5004,79.49963276020871,80.12569997377109,4301.298091023297,3487.5514383405684
364,5003,75.17270502319582,89.71443149574307,4.6538339723907285,13.258092788768776
365,5004,84.95432157802763,80.18420045950673,2901.357038809424,2650.923288660012
366,5001,71.84595614542229,69.85759160416087,1001.4720683954712,802.5132445773521
367,5001,80.39485069335446,80.02030685331881,3400.710149097691,2728.90749707004
368,5001,69.33048572358274,70.01724553853289,302.7267770328021,281.3102100294312
369,5002,79.05039190223046,85.73681848747421,3498.0221052500124,2817.1987733953492
370,5005,83.43758585526405,82.51915750705723,5198.118207252193,4047.3842968876256
371,5001,70.88053232532509,70.71593383863389,498.1557477416445,397.3584136049014
372,5002,80.88046037209587,80.15873487937667,122.09295404957751,104.11921706681814
373,5001,89.50003714149571,86.24093068365472,1497.6491891272024,961.8555232669098
374,5001,72.60170956483212,79.79542086043182,98.32831219550654,89.20661770831394
375,5001,70.36413985220688,70.233004760763,498.9765303852607,398.41767745076925
376,5003,66.30270032400794,89.49575740333508,4.974204059819689,11.696922696710685
377,5005,70.02889535685196,81.40595280750627,1999.7308324333944,2533.8839484536425
378,5005,85.07215069248464,82.39575613046001,5100.458944945949,3910.8749393277058
379,5002,83.3360254552461,69.8124155957124,1799.0994539657947,1512.1928522246508
380,5002,69.8490009584268,70.0700404220084,1999.7049237284643,1902.5431202226832
381,5005,65.55660056382632,89.30878294612218,7.360102015798163,11.674509645453185
382,5001,68.9943691493705,70.67811097191186,899.2923522784067,642.2722561378371
383,5004,79.94164528294499,79.90932460340275,120.01601229401248,104.23875445503369
384,5002,86.38652090330525,84.91597776579756,5101.660237532045,4000.708346663446
385,5005,76.00078846689748,72.34868250904283,1.094388427502266,2.5143624611547057
386,5001,70.51499087838303,69.88413031981742,600.8950037077618,501.43574616594935
387,5004,90.46324785059038,87.27566480943584,139.4404740902076,114.23647539852612
388,5005,89.75489221635789,80.71988719657321,70.05340470421767,70.67761564532857
389,5004,49.705503831501545,89.38495405686238,14.981293519731343,13.553733121895194
390,5003,65.0579442659503,89.34646183069054,7.785653283962378,13.258092788768776
391,5001,68.51588900304647,71.81633985081211,700.2768474374706,477.44864543239487
392,5001,86.06507058283776,82.61269506703319,5200.826157375461,4092.291168245992
393,5005,75.16113723467008,75.037981563299,13999.65581592791,12006.046261562113
394,5001,68.72164319813673,70.35415445083476,500.2234255523056,390.15947909950035
395,5002,84.89063395264924,85.61483566172627,5098.840388518839,4032.8175584277024
396,5004,77.96424641018919,80.0448112470151,5199.814125296663,4200.499502071932
397,5002,91.39264075591964,90.11350451408703,0.1708931690342699,45.167668531518494
398,5005,59.47098880145763,63.49484650598077,679.7825579997998,623.03291912477
399,5001,70.89893987465916,70.1633465176237,200.65609923311777,175.03361888615012
400,5002,74.097917194007,74.80278305105435,14900.954994159169,8856.506887017918
401,5003,68.4766077764445,70.26521169585983,1998.279888272644,1904.6494667674137
402,5004,84.45610857339196,70.06721080171465,2300.863187930731,1939.1318582598549
403,5005,60.25624170745881,70.23410741541554,610.2724928858668,529.8230086449197
404,5004,69.42884741189442,70.58400964454934,1999.4594679433344,1902.0538324665297
405,5004,73.48882044231163,79.47601654199079,13899.29982096231,12112.914010711998
406,5004,79.09861539608852,79.97009610258188,6401.533090951497,5208.023944527172
407,5001,90.35629278590488,84.4668596899981,182.60362762420883,166.68987486747346
408,5001,69.70265002599518,69.99175340328361,101.39238745169696,89.20025695909253
409,5001,79.11806131296542,81.25436042458244,121.47224354826145,104.76825573848242
410,5001,79.42217758981279,80.40937318638038,5200.260366331402,4251.127056078532
411,5003,68.90166225072969,77.62203640325319,2000.5874008911449,2526.088760021047
412,5004,60.02616000126684,70.2002124554533,670.5376290332231,568.7132998002907
413,5001,79.98926330288381,81.34506470124784,117.2660495653064,104.9866446605541
414,5005,60.58664806758004,60.65342740404335,610.3857671825936,504.207302191306
415,5005,73.49953475823061,79.43416456475268,14800.091234465735,12747.235307147095
416,5001,89.94589428033751,89.8412823213925,96.5908687274933,83.61504570984444
417,5001,92.73260013205342,90.55661811234532,188.81475327216896,152.9402567978735
418,5004,69.41396869850823,77.65143879638471,2001.441739570972,2527.081746228736
419,5001,68.66583250419399,69.9975024819524,401.3579252020656,343.4012396139796
420,5004,69.81726431787511,70.64891693959613,1999.7531836560088,1902.4882777727673
421,5001,68.49442000529633,70.39181322818858,701.2522829473693,478.201603699454
422,5004,62.08011185568347,68.86080226249793,560.9670261145199,491.49009661611484
423,5002,60.73665276180927,64.23118574729567,679.8877678049802,583.5375188862886
424,5001,90.14299410841808,89.5025972534789,184.7342040567472,166.42330503364695
425,5002,70.03472823745551,70.09383923191183,1100.6206784399078,820.352364567259
426,5002,83.17824582919185,81.84992710108529,5099.328226720566,3937.0961970301423
427,5004,89.05323608996811,72.7163853757903,155.28599232937967,118.21430417590746
428,5001,81.311669533424,81.41917244892323,120.35882750250964,104.76825573848242
429,5005,69.50238891487814,77.71068257857182,1999.598224145397,2532.5746255438094
430,5004,88.84022478798751,90.1085017621569,179.20755726149835,152.41078279571676
431,5002,69.71116919635702,72.69999263722576,4299.650259855226,3557.488797145221
432,5004,85.00083337396319,85.29200818900846,4599.369936615806,3659.0273691959082
433,5001,70.19304475264131,78.14264945660994,400.5276997511652,344.22864252206614
434,5001,81.29859955396772,81.20189930214082,119.38286864027263,104.76825573848242
435,5004,85.33343452637969,81.60903908596713,5199.813895113191,4002.6169748367056
436,5005,80.94030970065481,85.32364954469361,5300.099365736272,4500.170458424936
437,5005,70.4797973795207,72.13021529590227,4199.480921816474,3509.8156695501575
438,5002,59.66992877411166,72.84343763599158,11999.583447398209,12394.923808075651
439,5004,60.95003408291106,63.494635097651965,680.5103137049493,560.633261891873
440,5004,89.11742247564443,80.11070330592885,93.88481945317984,85.95056333232532
441,5002,68.77177037301658,68.6915865326473,699.7655168997405,536.559100954717
442,5004,71.62739446834564,80.72965558686103,2799.855951796772,2694.356530334494
443,5001,69.44896480654567,76.23233826646056,1500.4885162266903,1290.6206769530738
444,5002,83.53781173197414,81.71848485460823,4899.045596104646,3822.5674303930014
445,5001,90.17721778813804,88.38223892773412,170.92261886499503,139.4733091363801
446,5001,78.54915855835605,77.17814111912291,1301.5099070773,1150.793820745739
447,5003,49.71009665840863,89.34789655872116,16.261678142409444,11.82336603935987
448,5001,79.23728950653046,80.34712008028214,3998.792900791834,3202.4051897691434
449,5005,60.94632394041797,60.39606237261176,390.98074960399407,350.878621133436
450,5002,90.87196228415536,80.19092057353801,123.66369734100928,104.04606511347342
451,5004,80.45552159246637,82.46353326606105,120.50434390929858,104.2754871083298
452,5004,65.80963878501498,88.9565995758495,9.985598261120566,11.674509645453185
453,5002,70.69054227078551,72.70003610225801,4300.716510205627,3557.8332961757533
454,5002,71.09500060612983,68.40678331681205,2398.924834722775,1997.768145164454
455,5003,69.70632137909668,70.35835641136912,1998.886446353295,1911.0892791554002
456,5001,71.55831205935395,70.04458068943488,99.76596666039848,90.62571823975173
457,5005,60.34157112773669,59.75510623749897,350.9641497842658,285.79182098327453
458,5005,74.26856410135494,75.11410752144741,13699.95888108236,12616.391461449328
459,5002,84.2509292050051,85.68219796494446,5099.79497115599,4032.8175584277024
460,5004,60.56021740238122,60.43125877903082,418.987919227469,354.63123441045934
461,5002,85.28116928719034,75.61185244385615,3699.96601044744,2941.9889631589404
462,5004,85.0198029968878,85.78328175698151,5701.098652460727,4453.716113846309
463,5005,69.99015298469152,70.60906527784252,1999.639846136528,1902.1241989707744
464,5001,69.08813779717897,70.40502005640666,402.01673388434335,344.2408485900033
465,5005,78.5963603847284,80.06160521017736,6399.793156228287,5193.510351324557
466,5001,68.7862092152435,69.52746578434521,601.0240774934332,493.1579814966081
467,5001,68.12664350994982,71.02873780680234,1098.7501793709962,919.9586025839282
468,5001,91.02406068627366,70.83300462890614,165.87396105302264,125.1405923785298
469,5001,69.852477665994,70.02401905728782,101.20618322183344,90.62571823975173
470,5005,58.807489416293016,60.7267196325681,500.7047554522431,404.3594816438628
471,5001,70.89433538534526,68.73717219713068,797.4238174839646,622.5376992397667
472,5004,89.79312068104616,86.38345851850667,69.52559604678802,70.66546286520754
473,5001,79.49244816656197,79.9392656999095,120.24041199885058,104.23840785106529
474,5003,69.61145959912834,80.92402877292665,2000.4326520912105,2532.538113188149
475,5001,79.46945124823718,81.40829372778394,122.1271853896603,104.9866446605541
476,5001,69.99597183834442,70.05366108788387,500.0827215939511,399.04240236033706
477,5004,79.41163469416226,79.78019328372396,119.39611232096507,104.23875445503369
478,5004,69.33061996596551,86.51271006950135,1999.5266586737723,2779.867390185212
479,5004,69.30694240388684,69.72892248936128,500.00003862828544,394.8582973597949
480,5001,70.40841193904197,70.05100031490144,100.48677952013708,89.32620568291757
481,5005,84.43751213801968,76.08663219564893,2199.722671190227,1875.92037712669
482,5005,60.02906025030632,59.55120770979257,691.20310495838,552.4451892923179
483,5003,75.25343121340586,89.99210987553555,3.4834965761455283,11.919868181282212
484,5001,69.52088125611965,69.99039657343121,400.9986071618828,348.11338444943163
485,5004,72.08309178992751,90.00785918830331,8.005513359790662,13.553733121895194
486,5005,77.36230571406718,74.89284853440911,12700.369730038266,12697.290677085764
487,5004,68.38708103543563,70.14866132850186,1999.401519027114,1916.2740281627296
488,5001,71.70075141866418,70.64587384249798,1098.908770446632,897.6790449221043
489,5004,77.3998384836843,78.8703844009189,1.9883792275486207,2.5143624611547057
490,5001,68.36390882606247,69.87243727544313,4098.755252562598,3481.3249204416056
491,5001,69.39958210935539,70.11498910755171,498.152778980809,395.53288252619024
492,5003,89.1077975599197,89.92304447141555,36.26925202009695,45.70578024773614
493,5003,65.66775842499891,89.08584228366878,7.672418977759311,11.101740167667748
494,5004,85.3836824348855,82.32392845824563,2998.963496269532,2857.251263980848
495,5002,59.72522947441298,64.12483412321929,641.0580649692463,565.1289434622723
496,5001,79.43152906659488,80.06086027623171,121.52336936819196,104.11921706681814
497,5005,86.17261470661957,80.26313043694967,3899.069795626709,3166.3896322294577
498,5001,67.16202364793561,69.83295164565239,999.5434211998788,812.8748343418118
499,5001,90.06686790852424,87.44323860681585,140.64567097730009,114.23647539852612
500,5005,69.81968911245552,72.71069162201333,3998.980430452079,3322.0665690536894
